{
  "level": [
    {
      "name": "Beginner",
      "value": " tutorial>beginner"
    }, {
      "name": "Intermediate",
      "value": " tutorial>intermediate"
    }, {
      "name": "Advanced",
      "value": " tutorial>advanced"
    }
  ],
  "common": [
    {
      "name": "ABAP Connectivity",
      "value": "topic>abap-connectivity"
    },
    {
      "name": "ABAP Development",
      "value": "topic>abap-development"
    },
    {
      "name": "ABAP Extensibility",
      "value": "topic>abap-extensibility"
    },
    {
      "name": "Big Data",
      "value": "topic>big-data"
    },
    {
      "name": "Blockchain",
      "value": "topic>blockchain"
    },
    {
      "name": "Cloud",
      "value": "topic>cloud"
    },
    {
      "name": "HTML5",
      "value": "topic>html5"
    },
    {
      "name": "Internet of Things",
      "value": "topic>internet-of-things"
    },
    {
      "name": "Java",
      "value": "topic>java"
    },
    {
      "name": "Machine Learning",
      "value": "topic>machine-learning"
    },
    {
      "name": "Mobile",
      "value": "topic>mobile"
    },
    {
      "name": "NodeJS",
      "value": "topic>node-js"
    },
    {
      "name": "OData",
      "value": "topic>odata"
    },
    {
      "name": "SAPUI5",
      "value": "topic>sapui5"
    },
    {
      "name": "Security",
      "value": "topic>security"
    },
    {
      "name": "SQL",
      "value": "topic>sql"
    },
    {
      "name": "User Interface",
      "value": "topic>user-interface"
    },
    {
      "name": "SAP API Management",
      "value": "products>sap-api-management"
    },
    {
      "name": "SAP Analytics Cloud",
      "value": "products>sap-analytics-cloud"
    },
    {
      "name": "SAP Build",
      "value": "products>build"
    },
    {
      "name": "SAP Cloud Platform",
      "value": "products>sap-cloud-platform"
    },
    {
      "name": "SAP Cloud Platform Connectivity",
      "value": "products>sap-cloud-platform-connectivity"
    },
    {
      "name": "SAP Cloud Platform Internet of Things",
      "value": "products>sap-cloud-platform-internet-of-things"
    },
    {
      "name": "SAP Cloud Platform Portal",
      "value": "products>sap-cloud-platform-portal"
    },
    {
      "name": "SAP Cloud Platform SDK for Android",
      "value": "products>sap-cloud-platform-sdk-for-android"
    },
    {
      "name": "SAP Cloud Platform SDK for iOS",
      "value": "products>sap-cloud-platform-sdk-for-ios"
    },
    {
      "name": "SAP Cloud Platform for the Cloud Foundry environment",
      "value": "products>sap-cloud-platform-for-the-cloud-foundry-environment"
    },
    {
      "name": "SAP Cloud Platform, ABAP Environment",
      "value": "products>sap-cloud-platform--abap-environment"
    },
    {
      "name": "SAP Cloud Platform, SAP HANA service",
      "value": "products>sap-cloud-platform--sap-hana-service"
    },
    {
      "name": "SAP Data Hub",
      "value": "products>sap-data-hub"
    },
    {
      "name": "SAP Fiori",
      "value": "products>sap-fiori"
    },
    {
      "name": "SAP Gateway",
      "value": "products>sap-gateway"
    },
    {
      "name": "SAP HANA",
      "value": "products>sap-hana"
    },
    {
      "name": "SAP HANA, dynamic tiering",
      "value": "products>sap-hana-dynamic-tiering"
    },
    {
      "name": "SAP HANA, geospatial content",
      "value": "products>sap-hana-geospatial-content"
    },
    {
      "name": "SAP HANA streaming analytics",
      "value": "products>sap-hana-streaming-analytics"
    },
    {
      "name": "SAP HANA, express edition",
      "value": "products>sap-hana\\,-express-edition"
    },
    {
      "name": "SAP HANA Studio",
      "value": "products>sap-hana-studio"
    },
    {
      "name": "SAP Hybris as a Service on SAP Cloud Platform",
      "value": "products>sap-hybris-as-a-service-on-sap-cloud-platform"
    },
    {
      "name": "SAP IoT Application Enablement",
      "value": "products>sap-iot-application-enablement"
    },
    {
      "name": "SAP Jam",
      "value": "products>sap-jam"
    },
    {
      "name": "SAP Jam Collaboration",
      "value": "products>sap-jam-collaboration"
    },
    {
      "name": "SAP Leonardo",
      "value": "products>sap-leonardo"
    },
    {
      "name": "SAP Leonardo Machine Learning Foundation",
      "value": "products>sap-leonardo-machine-learning-foundation"
    },
    {
      "name": "SAP Lumira",
      "value": "products>sap-lumira"
    },
    {
      "name": "SAP Predictive service",
      "value": "products>sap-predictive-service"
    },
    {
      "name": "SAP RAD by Mendix",
      "value": "products>sap-rad-by-mendix"
    },
    {
      "name": "SAP S/4HANA",
      "value": "products>sap-s-4hana"
    },
    {
      "name": "SAP S/4HANA Cloud SDK",
      "value": "products>sap-s-4hana-cloud-sdk"
    },
    {
      "name": "SAP Screen Personas",
      "value": "products>sap-screen-personas"
    },
    {
      "name": "SAP SQL Anywhere",
      "value": "products>data-management>sap-sql-anywhere"
    },
    {
      "name": "SAP Translation Hub",
      "value": "products>sap-translation-hub>sap-translation-hub"
    },
    {
      "name": "SAP Vora",
      "value": "products>sap-vora"
    },
    {
      "name": "SAP Web IDE",
      "value": "products>sap-web-ide"
    },
    {
      "name": "SAP Web IDE plugins",
      "value": "products>sap-web-ide-plug-ins"
    },
    {
      "name": "SAP Web IDE, hybrid app toolkit add-on",
      "value": "products>sap-web-ide-hybrid-app-toolkit-add-on"
    },
    {
      "name": "iOS",
      "value": "operating-system>ios"
    },
    {
      "name": "Android",
      "value": "operating-system>android"
    }
  ]
}
