{
  "context-menu": {
    ".tree-view .file .name[data-name$=\\.md]": [
      {
        "type": "separator"
      },
      {
        "label": "Preview as SAP Tutorial",
        "command": "sap-tutorial-helper:toggle-preview"
      },
      {
        "label": "Validate SAP Tutorial",
        "command": "sap-tutorial-helper:validate"
      },
      {
        "type": "separator"
      }
    ],
    ".tree-view .file .name[data-name$=\\.jpg], .tree-view .file .name[data-name$=\\.jpeg], .tree-view .file .name[data-name$=\\.png], .tree-view .file .name[data-name$=\\.gif], .tree-view .file .name[data-name$=\\.svg], .tree-view .file .name[data-name$=\\.ico]": [
      {
        "label": "Insert This Image",
        "command": "sap-tutorial-helper:insert-local-image"
      }
    ],
    ".directory[is='tree-view-directory'] [data-name='work-in-progress']": [
      {
        "label": "New SAP Tutorial",
        "command": "sap-tutorial-helper:create-tutorial"
      }
    ],
    ".platform-win32 .selected.directory [data-path*=\\\\Tutorials-Contribution\\\\tutorials\\\\]": [
      {
        "label": "Push Tutorial to QA",
        "command": "sap-tutorial-helper:push-to-qa"
      },
      {
        "label": "Push Tutorial to Production",
        "command": "sap-tutorial-helper:push-to-prod"
      },
      {
        "type": "separator"
      }
    ],
    ".platform-darwin .selected.directory [data-path*='/Tutorials-Contribution/tutorials/']": [
      {
        "label": "Push Tutorial to QA",
        "command": "sap-tutorial-helper:push-to-qa"
      },
      {
        "label": "Push Tutorial to Production",
        "command": "sap-tutorial-helper:push-to-prod"
      },
      {
        "type": "separator"
      }
    ],
    ".platform-linux .selected.directory [data-path*='/Tutorials-Contribution/tutorials/']": [
      {
        "label": "Push Tutorial to QA",
        "command": "sap-tutorial-helper:push-to-qa"
      },
      {
        "label": "Push Tutorial to Production",
        "command": "sap-tutorial-helper:push-to-prod"
      },
      {
        "type": "separator"
      }
    ],
    ".platform-win32 .selected.directory [data-path*=\\\\Tutorials-Contribution\\\\tutorials][data-name='tutorials']": [
      {
        "label": "New SAP Tutorial",
        "command": "sap-tutorial-helper:create-tutorial"
      }
    ],
    ".platform-darwin .selected.directory [data-path*='/Tutorials-Contribution/tutorials'][data-name='tutorials']": [
      {
        "label": "New SAP Tutorial",
        "command": "sap-tutorial-helper:create-tutorial"
      }
    ],
    ".platform-linux .selected.directory [data-path*='/Tutorials-Contribution/tutorials'][data-name='tutorials']": [
      {
        "label": "New SAP Tutorial",
        "command": "sap-tutorial-helper:create-tutorial"
      }
    ],
    "atom-text-editor": [
      {
        "type": "separator"
      },
      {
        "label": "Image",
        "command": "sap-tutorial-helper:insert-template-image",
        "detail": "image"
      },
      {
        "label": "Link",
        "submenu": [
          {
            "label": "With link text",
            "command": "sap-tutorial-helper:insert-template-link-with-text"
          },
          {
            "label": "Link text same as URL",
            "command": "sap-tutorial-helper:insert-template-link-text-same-as-URL"
          },
          {
            "label": "Example link",
            "command": "sap-tutorial-helper:insert-template-link-example"
          }
        ]
      },
      {
        "label": "Code Block",
        "submenu": [
          {
            "label": "ABAP",
            "command": "sap-tutorial-helper:insert-template-code-block-abap"
          },
          {
            "label": "CDS",
            "command": "sap-tutorial-helper:insert-template-code-block-cds"
          },
          {
            "label": "CSS",
            "command": "sap-tutorial-helper:insert-template-code-block-css"
          },
          {
            "label": "C++",
            "command": "sap-tutorial-helper:insert-template-code-block-cpp"
          },
          {
            "label": "HTML",
            "command": "sap-tutorial-helper:insert-template-code-block-html"
          },{
            "label": "HTTP",
            "command": "sap-tutorial-helper:insert-template-code-block-http"
          },
          {
            "label": "INI",
            "command": "sap-tutorial-helper:insert-template-code-block-ini"
          },
          {
            "label": "Java",
            "command": "sap-tutorial-helper:insert-template-code-block-java"
          },
          {
            "label": "JavaScript",
            "command": "sap-tutorial-helper:insert-template-code-block-js"
          },
          {
            "label": "JSON",
            "command": "sap-tutorial-helper:insert-template-code-block-json"
          },
          {
            "label": "Python",
            "command": "sap-tutorial-helper:insert-template-code-block-python"
          },
          {
            "label": "R",
            "command": "sap-tutorial-helper:insert-template-code-block-r"
          },
          {
            "label": "Shell / Bash",
            "command": "sap-tutorial-helper:insert-template-code-block-sh"
          },
          {
            "label": "SQL",
            "command": "sap-tutorial-helper:insert-template-code-block-sql"
          },
          {
            "label": "Swift",
            "command": "sap-tutorial-helper:insert-template-code-block-swift"
          },
          {
            "label": "XML",
            "command": "sap-tutorial-helper:insert-template-code-block-xml"
          },
          {
            "label": "YAML",
            "command": "sap-tutorial-helper:insert-template-code-block-yaml"
          },
          {
            "label": "No Language",
            "command": "sap-tutorial-helper:insert-template-code-block-no-lang"
          }
        ]
      },
      {
        "label": "Bulleted List",
        "command": "sap-tutorial-helper:insert-template-bulleted-list"
      },
      {
        "label": "Ordered List",
        "command": "sap-tutorial-helper:insert-template-ordered-list"
      },
      {
        "label": "Table",
        "command": "sap-tutorial-helper:insert-template-table"
      },
      {
        "label": "Option Tab",
        "command": "sap-tutorial-helper:insert-template-option-tab"
      },
      {
        "label": "Step",
        "command": "sap-tutorial-helper:insert-template-step"
      },
      {
        "label": "Validation",
        "submenu": [
          {
            "label": "Question, single answer",
            "command": "sap-tutorial-helper:insert-template-validation-question-single-answer"
          },
          {
            "label": "Question, multiple answer",
            "command": "sap-tutorial-helper:insert-template-validation-question-multiple-answer"
          },
          {
            "label": "Text matches",
            "command": "sap-tutorial-helper:insert-template-validation-exact-match"
          },
          {
            "label": "Text exactly matches",
            "command": "sap-tutorial-helper:insert-template-validation-exact-match-precise"
          },
          {
            "label": "Text starts with",
            "command": "sap-tutorial-helper:insert-template-validation-text-starts-with"
          },
          {
            "label": "Text contains",
            "command": "sap-tutorial-helper:insert-template-validation-text-contains"
          },
          {
            "label": "Text exactly matches with ID",
            "command": "sap-tutorial-helper:insert-template-validation-text-matches-id"
          },
          {
            "label": "HTTP status code",
            "command": "sap-tutorial-helper:insert-template-validation-http-status-code"
          },
          {
            "label": "Custom Regex",
            "command": "sap-tutorial-helper:insert-template-validation-regex"
          },
          {
            "type": "separator"
          },
          {
            "label": "Validation Tag",
            "command": "sap-tutorial-helper:insert-template-validation-tag"
          }
        ]
      },
      {
        "type": "separator"
      }
    ]
  }
}
